<?xml version="1.0" encoding="UTF-8" ?>
<!DOCTYPE mapper
PUBLIC "-//mybatis.org//DTD Mapper 3.0//EN"
"http://mybatis.org/dtd/mybatis-3-mapper.dtd">
<mapper namespace="community"><!-- SQL 문들을 파일마다 구분할수 있는 이름.... -->
	<select id="selectList" resultType="community" parameterType="map">
		select * from 
			(select rownum rn,t.* from 
				(select p.*,m.id 
					from post p,mem m 
					where p.member_seq = m.member_seq
					<if test="type != null">
						<choose>
							<when test="type == 'post_seq'">
								and post_seq=#{word}
							</when>
							<otherwise>
								and ${type} like '%${word}%'
							</otherwise>
						</choose>
					</if> 
						<!--  #{} - 데이터로 취급 ${} - 글자 자체로 처리... -->
				order by post_seq desc) 
			t) 
		<![CDATA[
			where rn >=#{first} and rn <= #{last}
		]]>
	</select>
	<select id="getTotal" resultType="int" parameterType="map">
		select count(*) from post p,mem m where p.member_seq = m.member_seq 
			<if test="type != null">
				<if test="type == 'post_seq'">
					and post_seq = #{word}
				</if>
				<if test="type != 'post_seq'">
					and ${type} like '%${word}%'
				</if> 
			</if>			
	</select>
</mapper>












