<?xml version="1.0" encoding="UTF-8"?>
<beans:beans
	xmlns="http://www.springframework.org/schema/mvc"
	xmlns:xsi="http://www.w3.org/2001/XMLSchema-instance"
	xmlns:beans="http://www.springframework.org/schema/beans"
	xmlns:context="http://www.springframework.org/schema/context"
	xsi:schemaLocation="http://www.springframework.org/schema/mvc https://www.springframework.org/schema/mvc/spring-mvc.xsd
		http://www.springframework.org/schema/beans https://www.springframework.org/schema/beans/spring-beans.xsd
		http://www.springframework.org/schema/context https://www.springframework.org/schema/context/spring-context.xsd">

	<!-- DispatcherServlet Context: defines this servlet's request-processing 
		infrastructure -->

	<!-- Enables the Spring MVC @Controller programming model -->
	<annotation-driven>
		<message-converters>
			<beans:bean
				class="org.springframework.http.converter.StringHttpMessageConverter">
				<beans:property name="supportedMediaTypes">
					<beans:list>
						<beans:value>text/html; charset=UTF-8</beans:value>
					</beans:list>
				</beans:property>
			</beans:bean>

			<beans:bean
				class="org.springframework.http.converter.json.MappingJackson2HttpMessageConverter">
				<beans:property name="supportedMediaTypes">
					<beans:list>
						<beans:value>application/text; charset=UTF-8</beans:value>
					</beans:list>
				</beans:property>
			</beans:bean>
		</message-converters>
	</annotation-driven>
	
	
	<!-- 인터셉터 -->
	<interceptors>
		<interceptor>
			<mapping path = "/login/**"/>
			<beans:bean id="interceptor" class="common.interceptor.Interceptor"/>
		</interceptor>
	</interceptors>
	
	

	<!-- Handles HTTP GET requests for /resources/** by efficiently serving 
		up static resources in the ${webappRoot}/resources directory -->
	<resources mapping="/resources/**" location="/resources/" />

	<!-- AutoWiried 를 이용할 때 객체를 수동 생성시 에러 발생 -->
	<context:annotation-config />


	<!-- <context:component-scan
		base-package="com.increpas.higo" /> -->

 	<beans:bean class="com.increpas.higo.HomeController">
		<beans:constructor-arg ref="localService" />
		<beans:constructor-arg ref="quoteReqService" />
		<beans:constructor-arg ref="gosuService" />
		<beans:constructor-arg ref="memberService" />
	</beans:bean>


	<beans:bean class="com.higo.controller.GosuController">
		<beans:constructor-arg ref="gosuService" />
		<beans:constructor-arg ref="memberService"/>
		<beans:constructor-arg ref="majorSvcService"/>
		<beans:constructor-arg ref="middleSvcService"/>
		<beans:constructor-arg ref="subSvcService"/>
	</beans:bean>
	
	<beans:bean class="com.higo.controller.CashController">
		<beans:constructor-arg ref="cashService" />
		<beans:constructor-arg ref="gosuService" />
	</beans:bean>

	<beans:bean class="com.higo.controller.MypageController">
			<beans:constructor-arg ref="memberService"/>
			<beans:constructor-arg ref="postService"/>
			<beans:constructor-arg ref="gosuService"/>
	</beans:bean>
	
	<beans:bean class ="com.higo.controller.LocalController">
		<beans:constructor-arg ref="localService"/>
		<beans:constructor-arg ref="memberService" />
	</beans:bean>

	<!-- 광민 -->
	<beans:bean class="com.higo.controller.MemberController">
		<beans:constructor-arg ref="memberService" />
	</beans:bean>

	<beans:bean class="com.higo.controller.LoginController">
		<beans:constructor-arg ref="memberService" />
		<beans:constructor-arg ref="gosuService"/>
	</beans:bean>

	<!-- 현아 -->
	
	<beans:bean class="com.higo.controller.PostController">
			<beans:constructor-arg ref="postService"/>
			<beans:constructor-arg ref="memberService"/>
			<beans:constructor-arg ref="commentService"/>
			<beans:constructor-arg ref="postLikeService"/>
	</beans:bean>
	
	<beans:bean class="com.higo.controller.LikeController">
		<beans:constructor-arg ref="postService"/>
		<beans:constructor-arg ref="commentService"/>
		<beans:constructor-arg ref="postLikeService"/>
		<beans:constructor-arg ref="commentLikeService"/>
	</beans:bean>
	
	<beans:bean id="multipartResolver" class="org.springframework.web.multipart.commons.CommonsMultipartResolver">
		<beans:property name="maxUploadSize" value="100000000"></beans:property>
	</beans:bean>

	<!-- 윤수 -->
	<beans:bean class="com.higo.controller.RequestController">
		<beans:constructor-arg ref="middleSvcService"/>
		<beans:constructor-arg ref="subSvcService"/>
		<beans:constructor-arg ref="questionService"/>
		<beans:constructor-arg ref="answerService"/>
		<beans:constructor-arg ref="quoteReqService"/>
	</beans:bean>
	
	<beans:bean class="com.higo.controller.MatchingController">
		<beans:constructor-arg ref="quoteReqService"/>
		<beans:constructor-arg ref="memberService"/>
		<beans:constructor-arg ref="subSvcService"/>
		<beans:constructor-arg ref="quoteService"/>
		<beans:constructor-arg ref="myQuoteAddService"/>
		<beans:constructor-arg ref="gosuMainSvcService"/>
		<beans:constructor-arg ref="gosuService"/>
		<beans:constructor-arg ref="cashService"/>
	</beans:bean>

	<beans:bean class="com.higo.controller.QuoteController">
		<beans:constructor-arg ref="memberService"/>
		<beans:constructor-arg ref="gosuService"/>
		<beans:constructor-arg ref="subSvcService"/>
		<beans:constructor-arg ref="gosuMainSvcService"/>
		<beans:constructor-arg ref="quoteReqService"/>
		<beans:constructor-arg ref="quoteService"/>
		<beans:constructor-arg ref="myQuoteAddService"/>
    </beans:bean>


	<!-- 범진 -->
	<beans:bean class="com.higo.controller.ProfileController">
		<beans:constructor-arg ref="memberService" />
		<beans:constructor-arg ref="gosuService" />
	</beans:bean>
	
</beans:beans>
